feature,correlation_with_target,abs_weight_raw,direction,mean,std,normalized_weight
D_48_last,0.61123,0.61123,1.0,0.4086736888742806,0.34343799608926256,0.022807622089347664
D_55_last,0.53978,0.53978,1.0,0.3314087518272836,0.30046240407541375,0.020141520889051873
D_61_last,0.53058,0.53058,1.0,0.4533053587681014,0.3622620603715277,0.0197980042496683
D_44_last,0.52947,0.52947,1.0,0.13862706038259123,0.24676861066501066,0.0197568666149591
D_75_last,0.49934,0.49934,1.0,0.18478363916236087,0.23768507105579303,0.018632530546447854
D_58_last,0.49823,0.49823,1.0,0.23135568853985033,0.271406539010053,0.01859113410315925
D_74_last,0.45998,0.45998,1.0,0.16550607834251543,0.23197823728645464,0.01716377325799202
D_55_trend_delta,0.40036,0.40036,1.0,0.06616801829364945,0.19465085088131034,0.014938958138722837
D_41_last,0.3774,0.3774,1.0,0.09956983489848502,0.3044503563668065,0.014082511994010827
D_55_trend_slope,0.37584,0.37584,1.0,0.00799680040354679,0.02248509243225245,0.014024177106833307
D_62_last,-0.36787,0.36787,-1.0,0.18836527020169422,0.23112811580895873,0.01372673547131537
D_112_last,-0.34949,0.34949,-1.0,0.8051538062634986,0.3991600150254679,0.013041036864444331
D_78_last,0.3487,0.3487,1.0,0.09543983954852989,0.34771605856158133,0.01301123765037607
D_39_last,0.33984,0.33984,1.0,0.20156207436290405,0.40188176218556504,0.012680823303748088
D_77_last,-0.33644,0.33644,-1.0,0.26059832514450837,0.23475715598789523,0.012553887853087978
D_44_trend_delta,0.33002,0.33002,1.0,0.034324941638516036,0.16862568339144338,0.01231435990639576
D_75_trend_delta,0.32854,0.32854,1.0,0.028896106031791137,0.1285919789884471,0.012259006507637244
D_70_last,0.32738,0.32738,1.0,0.12304586204173265,0.2464525653872235,0.012216032633840997
D_41_trend_delta,0.32094,0.32094,1.0,0.054680694696870494,0.2843954889528114,0.011975694082230735
D_53_last,0.30033,0.30033,1.0,0.1148790552459883,0.2720223989222921,0.011206552681346169
D_42_last,0.29618,0.29618,1.0,0.17850741349730911,0.25659136580557607,0.011051574600395552
D_43_last,0.28982,0.28982,1.0,0.16385584575002068,0.22748665518080016,0.010814318131178953
D_44_trend_slope,0.28897,0.28897,1.0,0.004034790643201243,0.021022039484184647,0.010782521022956145
D_47_last,-0.28805,0.28805,-1.0,0.3988679143303931,0.23200643862571582,0.010748459614948493
D_39_trend_delta,0.28783,0.28783,1.0,0.08054782282762576,0.420980158962301,0.010740224903150086
D_58_trend_delta,0.28772,0.28772,1.0,0.03689919671677729,0.17764900172826492,0.01073601777817318
D_74_trend_delta,0.28768,0.28768,1.0,0.022229118712444845,0.12399161731167599,0.010734641771238597
D_54_last,-0.27684,0.27684,-1.0,0.9633770828497441,0.19976589745723466,0.010329962328788833
D_48_trend_delta,0.27025,0.27025,1.0,0.03268210755467946,0.21842927072480525,0.010084048793692344
D_84_last,0.26862,0.26862,1.0,0.08022739692141075,0.4229810593683151,0.010023424046696833
D_51_last,-0.26809,0.26809,-1.0,0.14464286989834763,0.24182506937485743,0.010003652378438721
D_41_trend_slope,0.26542,0.26542,1.0,0.004612205878129522,0.028095688470365993,0.009903818981615126
D_45_last,-0.2595,0.2595,-1.0,0.2415927782582412,0.24119976655775274,0.009683074004962317
D_112_trend_delta,-0.25898,0.25898,-1.0,-0.06341981331205071,0.3896383785564532,0.009663512052828163
D_81_last,0.2557,0.2557,1.0,0.08503839234110672,0.43897033109922645,0.009541272775904481
D_131_last,0.25366,0.25366,1.0,0.11677851482260952,0.31236721011041274,0.009465223324162126
D_78_trend_delta,0.25147,0.25147,1.0,0.05009050566708599,0.3311300545548391,0.009383530062885845
D_53_trend_delta,0.24222,0.24222,1.0,0.03889029455585491,0.21724319297514533,0.009038066341791573
D_120_last,0.24038,0.24038,1.0,0.19078179213487798,0.3929174212537314,0.008969417114555293
D_79_last,0.23717,0.23717,1.0,0.08002928252947654,0.2486627229490622,0.008849865952474898
D_72_last,0.23678,0.23678,1.0,0.051146630289128456,0.25147533373087105,0.008835097708831645
D_130_last,0.22948,0.22948,1.0,0.21691192500750103,0.4086840505177295,0.008562667546237468
D_52_last,-0.22879,0.22879,-1.0,0.17988887991062874,0.17599978248668052,0.008537148699234724
D_54_trend_delta,-0.22848,0.22848,-1.0,-0.026486192087404974,0.2030200671954573,0.008525648450219827
D_74_trend_slope,0.22313,0.22313,1.0,0.0018743443922114437,0.014257246129914834,0.008325922874684701
D_78_trend_slope,0.22141,0.22141,1.0,0.0056329435597290995,0.039879557609934696,0.008261526039452535
D_112_trend_slope,-0.21779,0.21779,-1.0,-0.006866582673319961,0.04773533290494654,0.00812654196402093
D_75_trend_slope,0.21715,0.21715,1.0,0.0032372461791642416,0.01951113816604439,0.008102841187741783
D_59_last,0.21548,0.21548,1.0,0.41986194475410943,0.20563720096968052,0.008040434455706366
D_84_trend_delta,0.20718,0.20718,1.0,0.05081506827519528,0.42954970180231006,0.007730760997566842
D_39_trend_slope,0.20681,0.20681,1.0,0.007984996104980139,0.05073630173543038,0.007716876643092615
D_48_trend_slope,0.20505,0.20505,1.0,0.004164727925655346,0.03403109720161218,0.0076510735728414405
D_114_last,-0.19338,0.19338,-1.0,0.6193059017398,0.4855575164798226,0.007215947071513693
D_58_trend_slope,0.19212,0.19212,1.0,0.0044512547910607984,0.02779635399771531,0.007168726923207727
D_128_last,-0.19117,0.19117,-1.0,0.5762649692445481,0.4943603654657877,0.007133432425234375
D_127_last,-0.19113,0.19113,-1.0,0.10774868121959881,0.30364271635338264,0.007131927584365905
D_68_last,-0.18935,0.18935,-1.0,5.016361969326517,1.3145033682927305,0.0070653122815279475
D_115_last,-0.18861,0.18861,-1.0,0.27527435289845453,0.25792533096850645,0.007037732433336988
D_53_trend_slope,0.18825,0.18825,1.0,0.008122288622794661,0.051380089134152145,0.007024343581716116
D_81_trend_delta,0.18574,0.18574,1.0,0.04881797129276232,0.4565105659177659,0.006930805314116096
D_118_last,-0.17948,0.17948,-1.0,0.28294314316828084,0.2567208344008425,0.0066970102633809635
D_119_last,-0.17809,0.17809,-1.0,0.2794946432050871,0.25734954399118054,0.006645152734182351
D_121_last,-0.17571,0.17571,-1.0,0.5337613358067925,0.23793522689181193,0.006556290271452519
D_84_trend_slope,0.17548,0.17548,1.0,0.004483515632918736,0.04329805985343394,0.0065479805720269025
D_89_last,0.17018,0.17018,1.0,0.007983746842906451,0.027884099129866148,0.006349994203094505
D_122_last,-0.1688,0.1688,-1.0,0.39434807251559784,0.23459873120222885,0.006298446443096817
D_113_last,0.16821,0.16821,1.0,0.15696752898948288,0.22494616509497653,0.006276672788132222
D_46_last,0.16123,0.16123,1.0,0.478063640444963,0.17941519866575997,0.006016103434486085
D_81_trend_slope,0.16072,0.16072,1.0,0.004412288865203547,0.04553996714209204,0.005997079576419337
D_54_trend_slope,-0.1607,0.1607,-1.0,-0.0018787022672483518,0.020789730746599122,0.005996397664656223
D_72_trend_delta,0.15728,0.15728,1.0,0.02102794255656702,0.2363751201327146,0.005868749629875475
D_92_last,-0.15653,0.15653,-1.0,0.08773878562897917,0.288994093455753,0.005840625400293487
D_56_last,-0.15191,0.15191,-1.0,0.20867427322780144,0.21680066338532583,0.005668404867754458
D_133_last,0.15144,0.15144,1.0,0.051404626143299534,0.182475281219461,0.005650859472493919
D_59_trend_slope,0.1413,0.1413,1.0,0.009692031598427193,0.01240859754981943,0.005272386136827054
D_42_trend_delta,-0.1395,0.1395,-1.0,-0.021159193546381242,0.08206345989198607,0.005205365553717736
D_129_last,-0.13673,0.13673,-1.0,0.43485790385746675,0.4950705863251521,0.005101892207314779
D_72_trend_slope,0.13297,0.13297,1.0,0.0017955094439803007,0.023509664090509433,0.004961591607454477
D_91_last,-0.13142,0.13142,-1.0,0.06138112521777284,0.1845911615586746,0.004903792254537213
D_89_trend_delta,0.12979,0.12979,1.0,0.0021538098208233936,0.029866374772516337,0.004842817179697976
D_139_last,0.12858,0.12858,1.0,0.18111515623731445,0.38091805968395515,0.004797667806989098
D_143_last,0.12857,0.12857,1.0,0.18100220721194302,0.38083817796472624,0.004797450904916827
D_103_last,0.12738,0.12738,1.0,0.4725501284560332,0.4989606370070323,0.004753108734604545
D_104_last,0.12689,0.12689,1.0,0.4559185116099331,0.4813109807934945,0.004734846293366398
D_140_last,0.1267,0.1267,1.0,0.02882412925230411,0.15255736221788707,0.004727586121217475
D_141_last,0.12557,0.12557,1.0,0.1665930179203878,0.35018298089645694,0.004685427115644922
D_107_last,0.12533,0.12533,1.0,0.20973539651250944,0.25875016754207314,0.004676673018764404
D_76_last,-0.12498,0.12498,-1.0,0.1430178793494735,0.2961174841722726,0.0046635271933664025
D_117_last,-0.12333,0.12333,-1.0,2.3321933405652486,2.301450561625242,0.004602036833563997
D_145_last,0.11632,0.11632,1.0,0.06377211171632735,0.1966701549893284,0.004340544978229005
D_59_trend_delta,0.1154,0.1154,1.0,0.09082487623730011,0.12831104792886175,0.004306098224985513
D_70_trend_delta,0.11455,0.11455,1.0,0.021229634752598325,0.24550850736026153,0.0042741868193034984
D_65_last,0.11041,0.11041,1.0,0.07553333949942212,0.8255232413003808,0.004119962455829029
D_130_trend_delta,0.10536,0.10536,1.0,0.021669036833552934,0.18729863230566657,0.003931540001107103
D_70_trend_slope,0.09991,0.09991,1.0,0.002140435024773592,0.029502038704336608,0.0037281819517842574
D_65_trend_delta,0.09848,0.09848,1.0,0.04464536130108282,0.7704840999721395,0.003674509973664885
D_130_trend_slope,0.09691,0.09691,1.0,0.002509582439946424,0.024111038346541772,0.0036160292534992535
D_89_trend_slope,0.09455,0.09455,1.0,0.0002010530046519542,0.00358525036548715,0.003527962509097788
D_42_trend_slope,-0.09179,0.09179,-1.0,-0.0031948126419842115,0.017188452529525233,0.0034249020972519605
D_132_last,-0.09047,0.09047,-1.0,0.20967320756197488,0.2355276261971287,0.003375754344099133
D_83_last,0.08837,0.08837,1.0,0.04093062546428872,0.3039612036857332,0.0032973353396824412
D_79_trend_delta,0.08814,0.08814,1.0,0.013238744104099025,0.16995208485529092,0.0032889238664486945
D_79_trend_slope,0.08772,0.08772,1.0,0.0017865723974154865,0.022924645229253096,0.0032733511688852303
D_71_last,-0.08489,0.08489,-1.0,0.06997639088062228,0.33385184886041114,0.0031675630455837594
D_61_trend_slope,0.08115,0.08115,1.0,0.0024926671428615807,0.06918637529944023,0.0030280619580593674
D_45_trend_slope,0.08079,0.08079,1.0,0.0005593284664020264,0.008166899512141121,0.0030146401123498584
D_45_trend_delta,0.07986,0.07986,1.0,0.009500879761315233,0.06812031394544199,0.0029797268549919347
D_131_trend_slope,0.07912,0.07912,1.0,0.00218354338591059,0.028870743468090435,0.0029521268495248526
D_60_last,-0.0769,0.0769,-1.0,0.3649385174903693,0.3659083684093067,0.0028692712169212506
D_125_last,0.07648,0.07648,1.0,0.08475057048937919,0.29076871308860436,0.002853827516121229
D_50_last,-0.07271,0.07271,-1.0,0.17673086893551868,0.5631378565646282,0.0027132896995499776
D_94_last,-0.07179,0.07179,-1.0,0.021834550661294635,0.12864371132802171,0.0026787015483966743
D_131_trend_delta,0.07127,0.07127,1.0,0.015692328877595398,0.22479017212127234,0.0026594886677183158
D_96_last,-0.06605,0.06605,-1.0,0.0357219932482984,0.17258632078553635,0.0024645038612178764
D_86_last,-0.06541,0.06541,-1.0,0.03461532359632843,0.16955965402808634,0.0024408955754640824
D_80_last,0.06367,0.06367,1.0,0.10968667377711798,0.21825329175615207,0.0023757075126908827
D_133_trend_delta,0.06197,0.06197,1.0,0.010376112113255322,0.16315304334436573,0.0023122214135983237
D_123_last,0.06106,0.06106,1.0,0.047883819845965084,0.21243709344802097,0.002278540190817054
D_43_trend_delta,0.0577,0.0577,1.0,0.0013560699628443569,0.2102049794876338,0.002152903529595418
D_142_last,-0.05635,0.05635,-1.0,0.3948369622534201,0.24133524699238626,0.0021024971822824986
D_73_last,-0.05608,0.05608,-1.0,0.17104289176679216,0.24039111154635598,0.0020925072947939366
D_126_last,-0.05605,0.05605,-1.0,0.773641489390679,0.4184738167245961,0.0020913329609932472
D_116_last,0.05542,0.05542,1.0,0.002917608609843686,0.05393603776551863,0.0020679393963827426
D_62_trend_delta,-0.0553,0.0553,-1.0,0.008589815051957314,0.15610519256852293,0.0020635455297536294
D_51_trend_delta,-0.05316,0.05316,-1.0,0.012047278404891134,0.18174580371812016,0.0019834860277903733
D_124_last,0.0518,0.0518,1.0,0.3052729464032165,0.22738219905590354,0.0019329998982694182
D_51_trend_slope,-0.0494,0.0494,-1.0,0.0020902118225685695,0.02486245284159642,0.0018433879642694208
D_133_trend_slope,0.04514,0.04514,1.0,0.0013243246398871543,0.0234899770255686,0.0016843366274279256
D_124_trend_delta,-0.04327,0.04327,-1.0,-0.00716298398536426,0.051601335063416284,0.001614542509828503
D_62_trend_slope,-0.04154,0.04154,-1.0,0.0009577285824243861,0.019416919793500107,0.0015499501591475344
D_80_trend_slope,0.03894,0.03894,1.0,0.0003057941146234662,0.02436042355662024,0.0014530642267614787
D_49_trend_slope,0.03881,0.03881,1.0,-0.0007423187720415727,0.02390873200842065,0.001447989700699649
D_127_trend_delta,-0.03593,0.03593,-1.0,0.011155751620127574,0.259052679462638,0.0013408293704412866
D_140_trend_delta,0.03562,0.03562,1.0,0.002969616574405987,0.13036566121867513,0.001329083571167755
D_80_trend_delta,0.03507,0.03507,1.0,0.002122821281825558,0.2171048557474229,0.001308473084627845
D_61_trend_delta,0.03499,0.03499,1.0,0.026841586248528802,1.5764450651207442,0.001305541887947051
D_127_trend_slope,-0.03426,0.03426,-1.0,0.0014172227779838198,0.032226470672296004,0.0012782174057870016
D_93_last,-0.034,0.034,-1.0,0.013792623866754943,0.09336108599770944,0.0012686304520402737
D_140_trend_slope,0.0324,0.0324,1.0,0.0006617513134788125,0.02251930481078904,0.0012090476067771086
D_46_trend_slope,0.032,0.032,1.0,0.00013235432199452607,0.02743868413102259,0.0011941786274402408
D_65_trend_slope,0.03032,0.03032,1.0,0.0068225869563449835,0.3714774097762414,0.0011312773135570243
D_102_trend_delta,0.02912,0.02912,1.0,0.01428631411001128,0.25124672196601466,0.001086709981621328
D_47_trend_delta,0.02865,0.02865,1.0,0.013049236520832475,0.08301677122539337,0.0010690522433728518
D_60_trend_delta,-0.02859,0.02859,-1.0,-0.014921813767593856,0.3131304910843787,0.001066740216812915
D_49_last,-0.02835,0.02835,-1.0,0.19159193931373425,0.26074249891641266,0.001057961751674112
D_49_trend_delta,0.02765,0.02765,1.0,-0.006186911392730707,0.20129958649838867,0.0010318281944683338
D_141_trend_delta,0.02651,0.02651,1.0,-0.0044036978470856376,0.12509078133154913,0.0009892026820737042
D_107_trend_slope,0.02646,0.02646,1.0,0.0005238504194105893,0.017372377488207216,0.0009872750672631934
D_115_trend_delta,-0.02644,0.02644,-1.0,0.008249197076575879,0.13525101557679134,0.000986688302591607
D_145_trend_delta,0.02628,0.02628,1.0,-0.001591015847040287,0.06287977600779014,0.0009807595911366994
D_124_trend_slope,-0.02611,0.02611,-1.0,-0.00046238481702681245,0.004710040682425479,0.000974164493940766
D_102_last,0.02567,0.02567,1.0,0.19180936440357746,0.2749261343432,0.0009577093278571924
D_139_trend_delta,0.02539,0.02539,1.0,-0.005349183397064928,0.1361088976217373,0.0009473040643147336
D_143_trend_delta,0.0253,0.0253,1.0,-0.00529529804469446,0.1359572135758138,0.0009441627445991132
D_77_trend_delta,-0.02435,0.02435,-1.0,0.014686826189081447,0.15401806427326653,0.0009084854604536131
D_141_trend_slope,0.0239,0.0239,1.0,-0.00030691760444368605,0.013281173917180205,0.0008918165594514949
D_139_trend_slope,0.02308,0.02308,1.0,-0.000380598593118223,0.014502930989984822,0.0008613188681435794
D_122_trend_delta,-0.02301,0.02301,-1.0,-0.009180360318617502,0.1545609594093429,0.0008587772438941984
D_102_trend_slope,0.02288,0.02288,1.0,0.0027110196514680026,0.03574881955882852,0.0008536752160494032
D_143_trend_slope,0.02284,0.02284,1.0,-0.00037598000240189085,0.014482122321390662,0.0008521345160934557
D_76_trend_delta,-0.02203,0.02203,-1.0,0.006843744492028691,0.12988384416660448,0.0008219596463530224
D_128_trend_slope,0.02173,0.02173,1.0,0.000761577935742367,0.02135474522434078,0.0008109561569209327
D_129_trend_slope,0.02146,0.02146,1.0,0.0005927181680778468,0.030854717511013447,0.0008006606844335821
D_92_trend_delta,-0.0211,0.0211,-1.0,0.0030755831924593542,0.2503249536798413,0.0007874115703883732
D_145_trend_slope,0.02095,0.02095,1.0,-7.206228004960531e-05,0.007589553306710493,0.0007817751539932629
D_104_trend_slope,0.01985,0.01985,1.0,0.0008454971926269914,0.035531576028605565,0.0007407731344885014
D_115_trend_slope,-0.01959,0.01959,-1.0,0.0005501877950588054,0.013032390392974156,0.0007308781642595494
D_109_last,-0.0193,0.0193,-1.0,0.006463309834153859,0.038364593867956556,0.000720009643764292
D_103_trend_slope,0.0192,0.0192,1.0,0.0008456304535750456,0.036940657622684475,0.000716277005567504
D_121_trend_delta,-0.01896,0.01896,-1.0,0.023276940371682688,0.06117848232404139,0.000707532373030181
D_105_last,-0.01815,0.01815,-1.0,0.37726024358565785,0.2527062483516924,0.0006771084160007247
D_92_trend_slope,-0.01679,0.01679,-1.0,0.0003353500491183815,0.027066978946266487,0.0006265528356697826
D_107_trend_delta,0.01647,0.01647,1.0,0.0023927744247704266,0.15374899985725363,0.0006144119250626119
D_128_trend_delta,0.01622,0.01622,1.0,0.006457701526752696,0.1776822588134113,0.0006053360682799136
D_69_last,0.01597,0.01597,1.0,0.14906688313130637,6.185202067061964,0.0005959267904127058
D_129_trend_delta,0.01583,0.01583,1.0,0.005412246475569413,0.25424614855906247,0.0005905300188987887
D_122_trend_slope,-0.01574,0.01574,-1.0,-0.0006344838483908843,0.01472419967187057,0.0005874370511584694
D_82_last,0.01573,0.01573,1.0,0.4685468961272894,0.1779686904338858,0.0005868470383710151
D_123_trend_slope,-0.01529,0.01529,-1.0,-0.00034208501572842925,0.033970967701255725,0.0005706208269408255
D_43_trend_slope,0.01454,0.01454,1.0,-0.0036522794979258057,0.04451472027875831,0.0005426370415624737
D_123_trend_delta,-0.01451,0.01451,-1.0,-0.00349991181350772,0.269473309733373,0.0005416027822090033
D_71_trend_delta,-0.01447,0.01447,-1.0,0.003944564403565213,0.28506029138888267,0.0005397912258123298
D_121_trend_slope,-0.01434,0.01434,-1.0,0.0017740796408371993,0.005582931388035259,0.0005351313622013838
D_134_trend_slope,-0.01396,0.01396,-1.0,-0.0001544717167083366,0.020905782745627943,0.000520977415700412
D_73_trend_delta,0.01374,0.01374,1.0,0.00034216031925109305,0.04802525691098823,0.0005126994240057023
D_77_trend_slope,-0.01363,0.01363,-1.0,0.0014635471284173392,0.019978885106481215,0.000508548382802377
D_47_trend_slope,0.01361,0.01361,1.0,0.0014155480983869778,0.015207850961148347,0.0005078434435469069
D_71_trend_slope,-0.01316,0.01316,-1.0,0.00038894093629944596,0.027791693218647273,0.0004909233297286567
D_104_trend_delta,0.01288,0.01288,1.0,0.0042478490722875325,0.31533649174958406,0.0004805461399950619
D_91_trend_slope,-0.01233,0.01233,-1.0,3.4365820900802724e-05,0.01640247164437217,0.0004600313774276511
D_119_trend_slope,-0.01206,0.01206,-1.0,0.002082972972815931,0.013764188374819178,0.00044992977977243077
D_106_trend_slope,-0.01205,0.01205,-1.0,0.01180917126265162,0.2607678583048743,0.00044951381171429107
D_106_last,-0.01198,0.01198,-1.0,0.21198267999535905,1.8196443714514572,0.00044689718157299473
D_103_trend_delta,0.0118,0.0118,1.0,0.003921031995582084,0.3270232281086578,0.00044042697425317786
D_135_trend_slope,-0.0113,0.0113,-1.0,-0.016066994472405127,0.09206104414651275,0.00042168323279945187
D_52_trend_delta,-0.01039,0.01039,-1.0,0.006526279645664844,0.10505163674181643,0.0003875643557112234
D_144_trend_delta,0.01035,0.01035,1.0,0.0011080652881848125,0.11467297522407013,0.00038621523005752585
D_52_trend_slope,-0.01031,0.01031,-1.0,0.0004912118710520604,0.01512802712107616,0.00038478120076646145
D_91_trend_delta,-0.01027,0.01027,-1.0,-0.0022344160383193,0.1712979139000978,0.00038317376359951446
D_119_trend_delta,-0.00946,0.00946,-1.0,0.027473967719156597,0.14937544497511077,0.00035312979766717774
D_118_trend_slope,-0.00928,0.00928,-1.0,0.0018531805691474515,0.013985962897437846,0.0003462907174838719
D_76_trend_slope,-0.00915,0.00915,-1.0,0.0002757294730789672,0.017524664332458254,0.00034157480847568997
D_96_trend_delta,-0.00832,0.00832,-1.0,0.0020359676284372324,0.18263751664805433,0.0003102959665156636
D_93_trend_delta,0.00824,0.00824,1.0,-0.001676823001108664,0.09329883639665619,0.0003073877287311985
D_109_trend_delta,0.00816,0.00816,1.0,-0.0002448168646637821,0.016277845493938403,0.00030439185098581057
D_113_trend_slope,0.00812,0.00812,1.0,-0.0006027491087595303,0.01174377317377727,0.00030288141202926836
D_109_trend_slope,0.00805,0.00805,1.0,-2.4779991575631175e-05,0.001746128602760781,0.00030037798924914094
D_94_trend_slope,-0.00796,0.00796,-1.0,5.688804541412484e-05,0.009843640919334788,0.000296897897367078
D_83_trend_delta,-0.00788,0.00788,-1.0,-0.008767374561764263,0.2405302307380303,0.0002938964561790851
D_125_trend_slope,-0.00729,0.00729,-1.0,-0.0010199922655178498,0.04473734378787232,0.0002719052528014142
D_96_trend_slope,-0.00726,0.00726,-1.0,0.00034634012882595803,0.02114904871068674,0.00027091825032145056
D_144_trend_slope,0.00721,0.00721,1.0,0.0005574218546701894,0.019965402874455633,0.0002688993043869051
D_56_trend_slope,-0.00707,0.00707,-1.0,0.0010967976754013595,0.012086303164324137,0.0002636855067028369
D_137_trend_slope,-0.00652,0.00652,-1.0,-0.009115291987020959,0.06991345862429664,0.00024344244590827695
D_56_trend_delta,-0.00649,0.00649,-1.0,0.01293697070901348,0.09446669066040009,0.00024233931407101748
D_46_trend_delta,0.00641,0.00641,1.0,-0.0035215630474286688,0.2563162910003402,0.0002390952437284305
D_118_trend_delta,-0.00637,0.00637,-1.0,0.02471966396608087,0.15207327492924497,0.0002377253139205972
D_94_trend_delta,-0.00635,0.00635,-1.0,0.0005260878374011045,0.1151580000342118,0.00023699738412197953
D_82_trend_delta,0.00616,0.00616,1.0,-0.009525457528414613,0.09446629909668765,0.00022996496692222212
D_83_trend_slope,0.00587,0.00587,1.0,-1.9028682744821512e-05,0.02493119933696165,0.00021885169146001993
D_105_trend_delta,0.00566,0.00566,1.0,0.07870837468525564,0.2103376442187956,0.00021123012373336044
D_50_trend_delta,-0.00558,0.00558,-1.0,0.00956971653123074,0.6562608981000673,0.00020822602124700263
D_136_trend_slope,0.00551,0.00551,1.0,0.007293773565500436,0.03739453749454023,0.00020574877999561894
D_82_trend_slope,-0.00545,0.00545,-1.0,-0.0009322695217436739,0.011772825475554501,0.00020346908470881411
D_108_trend_slope,0.00543,0.00543,1.0,0.006722478505131924,0.2086509165076001,0.0002027093145653174
D_93_trend_slope,0.00523,0.00523,1.0,-0.00012398664016340113,0.010363242598700202,0.00019510227428541922
D_86_trend_delta,0.00505,0.00505,1.0,-0.001070750717897693,0.15697433106698952,0.00018860009792287324
D_106_trend_delta,0.00505,0.00505,1.0,0.02334264469749885,0.4070289564964398,0.0001882681338898404
D_113_trend_delta,0.00471,0.00471,1.0,-0.011670187597003836,0.1169237420741048,0.00017582899931308795
D_73_trend_slope,0.00465,0.00465,1.0,3.535776262049552e-05,0.012320275759636418,0.0001733974259248282
D_144_last,-0.00442,0.00442,-1.0,0.05212352285145793,0.1822054129331557,0.00016491075382830944
D_105_trend_slope,-0.00428,0.00428,-1.0,0.008174087209884627,0.020545999862849613,0.00015984893726820018
D_142_trend_delta,0.00386,0.00386,1.0,0.03490022783071184,0.07142867168720753,0.0001441298214415149
D_132_trend_delta,0.00344,0.00344,1.0,0.0846907456182533,0.12436343053415391,0.00012837715914496028
D_50_trend_slope,-0.00337,0.00337,-1.0,0.001801249685561462,0.14791732662153984,0.00012560882770903893
D_60_trend_slope,-0.00332,0.00332,-1.0,-0.0013087227506274957,0.05384803325152866,0.00012374985896043442
D_69_trend_slope,0.00269,0.00269,1.0,-0.00038387029160394593,1.496791903668674,0.00010047430614800582
D_138_trend_slope,0.00248,0.00248,1.0,0.004822711601349989,0.04557310886006456,9.242419686677651e-05
D_86_trend_slope,0.00229,0.00229,1.0,1.9244484516140182e-05,0.016496955454844236,8.554616458484158e-05
D_69_trend_delta,0.00133,0.00133,1.0,-0.06506330997078037,25.57748686379897,4.970643196171014e-05
D_142_trend_slope,-0.00098,0.00098,-1.0,0.003093053925233496,0.007679511687154025,3.6718220362490824e-05
D_132_trend_slope,-0.00069,0.00069,-1.0,0.00881485966484544,0.010385521138126592,2.56148860375722e-05
D_125_trend_delta,-0.00044,0.00044,-1.0,-0.012128401964484026,0.3820248021396967,1.6265097939053583e-05
